{"0": [[[976872.9, 174263.67], [976870.41, 174265.34], [976870.01, 174265.71], [976868.8, 174267.2], [976868.78, 174268.26], [976869.4400000001, 174269.69], [976870.65, 174271.16], [976871.05, 174271.46], [976874.03, 174270.24], [976874.3, 174270.04], [976874.65, 174269.67], [976877.1900000001, 174267.03], [976880.62, 174264.45], [976883.51, 174262.96], [976883.71, 174262.81], [976884.9500000001, 174261.31], [976884.98, 174260.55000000002], [976884.72, 174259.77], [976884.37, 174259.14], [976884.27, 174258.97], [976884.0, 174258.44], [976883.21, 174257.65], [976882.9, 174257.5], [976882.04, 174257.26], [976881.26, 174257.45], [976880.68, 174257.61000000002], [976879.76, 174258.1], [976878.67, 174258.93], [976875.0, 174262.24], [976872.9, 174263.67]]], "1": [[[976871.75, 174257.87], [976872.0700000001, 174258.37], [976875.77, 174256.25], [976875.76, 174255.51], [976874.17, 174253.22], [976871.0, 174253.98], [976870.67, 174254.32], [976870.25, 174255.76], [976871.75, 174257.87]]], "2": [[[976809.14, 174187.62], [976810.12, 174188.1], [976810.78, 174188.14], [976811.85, 174187.73], [976812.47, 174187.33000000002], [976814.6900000001, 174185.74], [976816.56, 174184.65], [976819.53, 174182.6], [976820.64, 174181.57], [976820.77, 174180.76], [976820.5800000001, 174179.35], [976819.76, 174177.89], [976819.36, 174177.57], [976818.96, 174177.25], [976814.51, 174173.11000000002], [976813.93, 174172.63], [976812.4500000001, 174171.78], [976811.21, 174171.45], [976809.9400000001, 174172.15], [976809.31, 174172.66], [976806.98, 174174.51], [976804.6900000001, 174175.86000000002], [976804.26, 174176.16], [976802.27, 174177.76], [976801.09, 174178.74], [976800.75, 174179.22], [976800.78, 174180.71], [976801.54, 174183.13], [976808.63, 174187.24], [976809.14, 174187.62]]], "3": [[[976796.87, 174177.78], [976797.0700000001, 174177.78], [976797.49, 174177.72], [976800.66, 174175.23], [976803.4500000001, 174173.37], [976803.84, 174173.04], [976805.87, 174171.53], [976806.51, 174171.12], [976807.56, 174170.39], [976808.73, 174169.63], [976809.98, 174168.53], [976810.73, 174166.97], [976809.46, 174164.76], [976808.24, 174164.07], [976806.21, 174163.63], [976805.81, 174164.01], [976805.4, 174164.41], [976804.97, 174164.83000000002], [976803.3300000001, 174166.31], [976801.59, 174167.80000000002], [976799.59, 174169.19], [976796.6, 174170.81], [976795.49, 174171.58000000002], [976795.12, 174172.29], [976794.13, 174174.26], [976794.62, 174175.26], [976795.47, 174177.0], [976796.87, 174177.78]]], "4": [[[976804.93, 174154.46], [976805.71, 174154.26], [976807.02, 174153.81], [976809.4400000001, 174152.26], [976812.49, 174149.36000000002], [976818.4400000001, 174145.47], [976819.16, 174145.11000000002], [976819.56, 174144.0], [976819.77, 174143.24], [976819.73, 174142.98], [976819.53, 174142.54], [976818.26, 174141.09], [976816.92, 174140.08000000002], [976816.4500000001, 174139.76], [976814.7000000001, 174140.43], [976813.27, 174141.39], [976810.04, 174143.89], [976807.2000000001, 174145.92], [976805.6, 174147.27], [976803.26, 174149.57], [976802.16, 174150.58000000002], [976802.29, 174151.27], [976803.77, 174153.23], [976804.34, 174153.94], [976804.93, 174154.46]]], "5": [[[976821.55, 174152.22], [976819.98, 174153.65], [976817.91, 174155.15], [976817.76, 174155.26], [976815.43, 174156.82], [976814.87, 174157.21], [976814.46, 174158.09], [976814.4400000001, 174158.37], [976814.55, 174158.99], [976815.05, 174160.69], [976816.18, 174161.84], [976818.53, 174161.13], [976818.55, 174161.12], [976819.4500000001, 174160.57], [976820.86, 174159.28], [976822.9400000001, 174157.66], [976825.81, 174155.66], [976826.29, 174155.0], [976826.49, 174154.13], [976826.41, 174153.57], [976826.06, 174153.05000000002], [976825.21, 174151.86000000002], [976824.5800000001, 174151.17], [976823.5, 174151.27], [976822.77, 174151.31], [976822.38, 174151.37], [976821.55, 174152.22]]], "6": [[[976834.81, 174165.64], [976833.79, 174166.52], [976833.5700000001, 174166.83000000002], [976833.16, 174167.47], [976834.0, 174168.09], [976834.92, 174167.83000000002], [976836.5700000001, 174166.72], [976838.15, 174165.31], [976839.59, 174164.12], [976840.22, 174163.62], [976841.1900000001, 174162.79], [976841.3200000001, 174161.63], [976841.15, 174161.29], [976840.3, 174161.42], [976839.74, 174161.76], [976839.49, 174161.94], [976837.39, 174163.57], [976837.13, 174163.81], [976836.23, 174164.53], [976834.81, 174165.64]]], "7": [[[976879.9, 174190.0], [976869.98, 174179.19], [976869.98, 174179.45], [976870.0, 174180.14], [976870.0, 174180.68], [976870.0, 174181.56], [976870.0, 174182.46], [976869.97, 174183.37], [976869.91, 174184.80000000002], [976869.9, 174189.41], [976870.77, 174190.01], [976870.81, 174190.02], [976871.62, 174190.07], [976872.18, 174190.06], [976873.8, 174190.03], [976874.3200000001, 174190.01], [976875.43, 174190.04], [976876.93, 174190.04], [976877.8300000001, 174190.02], [976878.78, 174190.02], [976879.9, 174190.0]]], "8": [[[976821.18, 174163.99], [976820.89, 174165.09], [976820.97, 174165.41], [976821.3300000001, 174166.6], [976821.59, 174167.07], [976821.9400000001, 174167.22], [976823.23, 174167.37], [976823.86, 174167.44], [976824.48, 174167.42], [976826.89, 174165.27], [976827.93, 174164.4], [976830.24, 174162.45], [976831.2000000001, 174161.77], [976831.5700000001, 174161.49], [976832.27, 174160.42], [976831.22, 174158.82], [976830.71, 174158.28], [976829.9500000001, 174157.96], [976829.3200000001, 174157.88], [976828.4, 174157.84], [976827.91, 174158.11000000002], [976826.17, 174159.59], [976825.4400000001, 174160.23], [976824.59, 174161.0], [976821.73, 174163.06], [976821.64, 174163.15], [976821.36, 174163.64], [976821.18, 174163.99]]]}